<?xml version="1.0" encoding="UTF-8"?><rss version="2.0"
	xmlns:content="http://purl.org/rss/1.0/modules/content/"
	xmlns:wfw="http://wellformedweb.org/CommentAPI/"
	xmlns:dc="http://purl.org/dc/elements/1.1/"
	xmlns:atom="http://www.w3.org/2005/Atom"
	xmlns:sy="http://purl.org/rss/1.0/modules/syndication/"
	xmlns:slash="http://purl.org/rss/1.0/modules/slash/"
	>

<channel>
	<title>PROTEANS</title>
	<atom:link href="http://localhost/proteans/feed/" rel="self" type="application/rss+xml" />
	<link>http://proteans.github.io</link>
	<description>Do not annotate, recycle instead!</description>
	<lastBuildDate>Fri, 25 Nov 2022 08:38:46 +0000</lastBuildDate>
	<language>fr-FR</language>
	<sy:updatePeriod>
	hourly	</sy:updatePeriod>
	<sy:updateFrequency>
	1	</sy:updateFrequency>
	<generator>https://wordpress.org/?v=6.1.1</generator>
	<item>
		<title>Bonjour tout le monde !</title>
		<link>http://proteans.github.io/2022/11/25/bonjour-tout-le-monde/</link>
					<comments>http://proteans.github.io/2022/11/25/bonjour-tout-le-monde/#comments</comments>
		
		<dc:creator><![CDATA[root]]></dc:creator>
		<pubDate>Fri, 25 Nov 2022 08:38:46 +0000</pubDate>
				<category><![CDATA[Non classé]]></category>
		<guid isPermaLink="false">http://localhost:8888/wordpress/?p=1</guid>

					<description><![CDATA[Bienvenue sur WordPress. Ceci est votre premier article. Modifiez-le ou supprimez-le, puis commencez à écrire !]]></description>
										<content:encoded><![CDATA[
<p>Bienvenue sur WordPress. Ceci est votre premier article. Modifiez-le ou supprimez-le, puis commencez à écrire !</p>
]]></content:encoded>
					
					<wfw:commentRss>http://proteans.github.io/2022/11/25/bonjour-tout-le-monde/feed/</wfw:commentRss>
			<slash:comments>1</slash:comments>
		
		
			</item>
		<item>
		<title>Planning For Growth</title>
		<link>http://proteans.github.io/2020/09/18/planning-for-growth/</link>
					<comments>http://proteans.github.io/2020/09/18/planning-for-growth/#respond</comments>
		
		<dc:creator><![CDATA[root]]></dc:creator>
		<pubDate>Fri, 18 Sep 2020 10:20:42 +0000</pubDate>
				<category><![CDATA[Articles]]></category>
		<guid isPermaLink="false">http://localhost:8888/wordpress/?p=254</guid>

					<description><![CDATA[Learn How To Boost Your Revenue  With Avada Business Coach  Lorem ipsum dolor sit amet, consectetur adipiscing elit. Nulla id quam vitae sapien congue ultrices. Pellentesque tincidunt nunc libero, sit amet placerat mi maximus sit amet. Aliquam erat volutpat. Integer suscipit congue fermentum. Fusce tempus viverra auctor. Fusce sit amet faucibus libero. ...]]></description>
										<content:encoded><![CDATA[<p><div class="fusion-fullwidth fullwidth-box fusion-builder-row-1 fusion-flex-container nonhundred-percent-fullwidth non-hundred-percent-height-scrolling" style="background-color: rgba(255,255,255,0);background-position: center center;background-repeat: no-repeat;border-width: 0px 0px 0px 0px;border-color:hsla(var(--awb-color5-h),var(--awb-color5-s),var(--awb-color5-l),calc( var(--awb-color5-a) - 97% ));border-style:solid;" ><div class="fusion-builder-row fusion-row fusion-flex-align-items-flex-start" style="max-width:1248px;margin-left: calc(-4% / 2 );margin-right: calc(-4% / 2 );"><div class="fusion-layout-column fusion_builder_column fusion-builder-column-0 fusion_builder_column_4_5 4_5 fusion-flex-column"><div class="fusion-column-wrapper fusion-flex-justify-content-flex-start fusion-content-layout-column" style="background-position:left top;background-repeat:no-repeat;-webkit-background-size:cover;-moz-background-size:cover;-o-background-size:cover;background-size:cover;padding: 0px 0px 0px 0px;"><div class="fusion-text fusion-text-1 sm-text-align-center" style="text-align:left;font-size:28px;line-height:var(--awb-typography2-line-height);letter-spacing:var(--awb-typography2-letter-spacing);text-transform:var(--awb-typography2-text-transform);color:var(--awb-color6);font-family:var(--awb-typography2-font-family);font-weight:var(--awb-typography2-font-weight);font-style:var(--awb-typography2-font-style);"><p>Learn How To Boost Your Revenue</p>
</div><style type="text/css">@media only screen and (max-width:1024px) {.fusion-title.fusion-title-1{margin-top:-10px!important; margin-right:0px!important;margin-bottom:30px!important;margin-left:0px!important;}}@media only screen and (max-width:640px) {.fusion-title.fusion-title-1{margin-top:10px!important; margin-right:0px!important;margin-bottom:10px!important; margin-left:0px!important;}}</style><div class="fusion-title title fusion-title-1 fusion-sep-none fusion-title-text fusion-title-size-two" style="font-size:39px;margin-top:-10px;margin-right:0px;margin-bottom:30px;margin-left:0px;"><h2 class="title-heading-left sm-text-align-center fusion-responsive-typography-calculated" style="margin:0;font-size:1em;letter-spacing:-1px;color:var(--awb-color4);--fontSize:39;line-height:var(--awb-typography1-line-height);">With Avada Business Coach</h2></div><div class="fusion-text fusion-text-2 sm-text-align-center" style="text-align:left;font-size:17px;"><p>Lorem ipsum dolor sit amet, consectetur adipiscing elit. Nulla id quam vitae sapien congue ultrices. Pellentesque tincidunt nunc libero, sit amet placerat mi maximus sit amet. Aliquam erat volutpat. Integer suscipit congue fermentum. Fusce tempus viverra auctor. Fusce sit amet faucibus libero. Phasellus maximus, felis nec eleifend maximus, ex dolor aliquet tellus, quis porttitor nunc quam eget nibh. Nulla facilisi. Nam fringilla interdum ligula, vitae viverra nunc lobortis ac.</p>
<p>Sed luctus convallis nunc, vel molestie massa sollicitudin eu. Phasellus dictum, ex a ultrices vulputate, mi tellus viverra ex, vitae porta lacus justo sit amet libero. Nam eget odio mollis sem bibendum fermentum non nec dui. Quisque ultrices dolor lacus, vitae gravida neque consectetur in. Morbi risus risus, ullamcorper non convallis nec, elementum ut ante. Cras placerat eu metus convallis fringilla. Donec in justo nisi. Praesent placerat dui quis nulla lobortis fringilla. Curabitur varius blandit tellus, ac mattis nisl accumsan vel. Suspendisse eleifend pellentesque gravida. Curabitur vitae felis tortor. Donec ornare fringilla nibh ac mattis. Donec orci nunc, aliquet nec pretium eget, convallis et felis. Maecenas congue lectus nec tempor accumsan.</p>
<p>Nullam faucibus sed leo eu porta. Nunc vestibulum urna a hendrerit vestibulum. Sed mattis facilisis euismod. Mauris mattis eros sit amet nunc bibendum fermentum. Suspendisse diam risus, lacinia ac eleifend sollicitudin, fringilla sit amet augue. Integer lacinia ipsum nec dignissim dignissim. Suspendisse potenti. Integer malesuada sapien non consequat tincidunt. Donec euismod maximus velit in commodo. Mauris ut nulla turpis. Morbi consectetur venenatis malesuada. Praesent vestibulum cursus lacinia.</p>
</div></div><style type="text/css">.fusion-body .fusion-builder-column-0{width:80% !important;margin-top : 0px;margin-bottom : 0px;}.fusion-builder-column-0 > .fusion-column-wrapper {padding-top : 0px !important;padding-right : 0px !important;margin-right : 2.4%;padding-bottom : 0px !important;padding-left : 0px !important;margin-left : 2.4%;}@media only screen and (max-width:1024px) {.fusion-body .fusion-builder-column-0{width:80% !important;order : 0;}.fusion-builder-column-0 > .fusion-column-wrapper {margin-right : 2.4%;margin-left : 2.4%;}}@media only screen and (max-width:640px) {.fusion-body .fusion-builder-column-0{width:100% !important;order : 0;}.fusion-builder-column-0 > .fusion-column-wrapper {margin-right : 1.92%;margin-left : 1.92%;}}</style></div></div><style type="text/css">.fusion-body .fusion-flex-container.fusion-builder-row-1{ padding-top : 0px;margin-top : 50px;padding-right : 0px;padding-bottom : 0px;margin-bottom : 0px;padding-left : 0px;}</style></div></p>
]]></content:encoded>
					
					<wfw:commentRss>http://proteans.github.io/2020/09/18/planning-for-growth/feed/</wfw:commentRss>
			<slash:comments>0</slash:comments>
		
		
			</item>
		<item>
		<title>Marketing Statistics</title>
		<link>http://proteans.github.io/2020/09/18/marketing-statistics/</link>
					<comments>http://proteans.github.io/2020/09/18/marketing-statistics/#respond</comments>
		
		<dc:creator><![CDATA[root]]></dc:creator>
		<pubDate>Fri, 18 Sep 2020 10:07:06 +0000</pubDate>
				<category><![CDATA[Articles]]></category>
		<guid isPermaLink="false">http://localhost:8888/wordpress/?p=251</guid>

					<description><![CDATA[Learn How To Boost Your Revenue  With Avada Business Coach  Lorem ipsum dolor sit amet, consectetur adipiscing elit. Nulla id quam vitae sapien congue ultrices. Pellentesque tincidunt nunc libero, sit amet placerat mi maximus sit amet. Aliquam erat volutpat. Integer suscipit congue fermentum. Fusce tempus viverra auctor. Fusce sit amet faucibus libero. ...]]></description>
										<content:encoded><![CDATA[<p><div class="fusion-fullwidth fullwidth-box fusion-builder-row-2 fusion-flex-container nonhundred-percent-fullwidth non-hundred-percent-height-scrolling" style="background-color: rgba(255,255,255,0);background-position: center center;background-repeat: no-repeat;border-width: 0px 0px 0px 0px;border-color:hsla(var(--awb-color5-h),var(--awb-color5-s),var(--awb-color5-l),calc( var(--awb-color5-a) - 97% ));border-style:solid;" ><div class="fusion-builder-row fusion-row fusion-flex-align-items-flex-start" style="max-width:1248px;margin-left: calc(-4% / 2 );margin-right: calc(-4% / 2 );"><div class="fusion-layout-column fusion_builder_column fusion-builder-column-1 fusion_builder_column_4_5 4_5 fusion-flex-column"><div class="fusion-column-wrapper fusion-flex-justify-content-flex-start fusion-content-layout-column" style="background-position:left top;background-repeat:no-repeat;-webkit-background-size:cover;-moz-background-size:cover;-o-background-size:cover;background-size:cover;padding: 0px 0px 0px 0px;"><div class="fusion-text fusion-text-3 sm-text-align-center" style="text-align:left;font-size:28px;line-height:var(--awb-typography2-line-height);letter-spacing:var(--awb-typography2-letter-spacing);text-transform:var(--awb-typography2-text-transform);color:var(--awb-color6);font-family:var(--awb-typography2-font-family);font-weight:var(--awb-typography2-font-weight);font-style:var(--awb-typography2-font-style);"><p>Learn How To Boost Your Revenue</p>
</div><style type="text/css">@media only screen and (max-width:1024px) {.fusion-title.fusion-title-2{margin-top:-10px!important; margin-right:0px!important;margin-bottom:30px!important;margin-left:0px!important;}}@media only screen and (max-width:640px) {.fusion-title.fusion-title-2{margin-top:10px!important; margin-right:0px!important;margin-bottom:10px!important; margin-left:0px!important;}}</style><div class="fusion-title title fusion-title-2 fusion-sep-none fusion-title-text fusion-title-size-two" style="font-size:39px;margin-top:-10px;margin-right:0px;margin-bottom:30px;margin-left:0px;"><h2 class="title-heading-left sm-text-align-center fusion-responsive-typography-calculated" style="margin:0;font-size:1em;letter-spacing:-1px;color:var(--awb-color4);--fontSize:39;line-height:var(--awb-typography1-line-height);">With Avada Business Coach</h2></div><div class="fusion-text fusion-text-4 sm-text-align-center" style="text-align:left;font-size:17px;"><p>Lorem ipsum dolor sit amet, consectetur adipiscing elit. Nulla id quam vitae sapien congue ultrices. Pellentesque tincidunt nunc libero, sit amet placerat mi maximus sit amet. Aliquam erat volutpat. Integer suscipit congue fermentum. Fusce tempus viverra auctor. Fusce sit amet faucibus libero. Phasellus maximus, felis nec eleifend maximus, ex dolor aliquet tellus, quis porttitor nunc quam eget nibh. Nulla facilisi. Nam fringilla interdum ligula, vitae viverra nunc lobortis ac.</p>
<p>Sed luctus convallis nunc, vel molestie massa sollicitudin eu. Phasellus dictum, ex a ultrices vulputate, mi tellus viverra ex, vitae porta lacus justo sit amet libero. Nam eget odio mollis sem bibendum fermentum non nec dui. Quisque ultrices dolor lacus, vitae gravida neque consectetur in. Morbi risus risus, ullamcorper non convallis nec, elementum ut ante. Cras placerat eu metus convallis fringilla. Donec in justo nisi. Praesent placerat dui quis nulla lobortis fringilla. Curabitur varius blandit tellus, ac mattis nisl accumsan vel. Suspendisse eleifend pellentesque gravida. Curabitur vitae felis tortor. Donec ornare fringilla nibh ac mattis. Donec orci nunc, aliquet nec pretium eget, convallis et felis. Maecenas congue lectus nec tempor accumsan.</p>
<p>Nullam faucibus sed leo eu porta. Nunc vestibulum urna a hendrerit vestibulum. Sed mattis facilisis euismod. Mauris mattis eros sit amet nunc bibendum fermentum. Suspendisse diam risus, lacinia ac eleifend sollicitudin, fringilla sit amet augue. Integer lacinia ipsum nec dignissim dignissim. Suspendisse potenti. Integer malesuada sapien non consequat tincidunt. Donec euismod maximus velit in commodo. Mauris ut nulla turpis. Morbi consectetur venenatis malesuada. Praesent vestibulum cursus lacinia.</p>
</div></div><style type="text/css">.fusion-body .fusion-builder-column-1{width:80% !important;margin-top : 0px;margin-bottom : 0px;}.fusion-builder-column-1 > .fusion-column-wrapper {padding-top : 0px !important;padding-right : 0px !important;margin-right : 2.4%;padding-bottom : 0px !important;padding-left : 0px !important;margin-left : 2.4%;}@media only screen and (max-width:1024px) {.fusion-body .fusion-builder-column-1{width:80% !important;order : 0;}.fusion-builder-column-1 > .fusion-column-wrapper {margin-right : 2.4%;margin-left : 2.4%;}}@media only screen and (max-width:640px) {.fusion-body .fusion-builder-column-1{width:100% !important;order : 0;}.fusion-builder-column-1 > .fusion-column-wrapper {margin-right : 1.92%;margin-left : 1.92%;}}</style></div></div><style type="text/css">.fusion-body .fusion-flex-container.fusion-builder-row-2{ padding-top : 0px;margin-top : 50px;padding-right : 0px;padding-bottom : 0px;margin-bottom : 0px;padding-left : 0px;}</style></div></p>
]]></content:encoded>
					
					<wfw:commentRss>http://proteans.github.io/2020/09/18/marketing-statistics/feed/</wfw:commentRss>
			<slash:comments>0</slash:comments>
		
		
			</item>
		<item>
		<title>The Right Tech</title>
		<link>http://proteans.github.io/2020/09/18/the-right-tech/</link>
					<comments>http://proteans.github.io/2020/09/18/the-right-tech/#respond</comments>
		
		<dc:creator><![CDATA[root]]></dc:creator>
		<pubDate>Fri, 18 Sep 2020 09:55:42 +0000</pubDate>
				<category><![CDATA[Articles]]></category>
		<guid isPermaLink="false">http://localhost:8888/wordpress/?p=248</guid>

					<description><![CDATA[Learn How To Boost Your Revenue  With Avada Business Coach  Lorem ipsum dolor sit amet, consectetur adipiscing elit. Nulla id quam vitae sapien congue ultrices. Pellentesque tincidunt nunc libero, sit amet placerat mi maximus sit amet. Aliquam erat volutpat. Integer suscipit congue fermentum. Fusce tempus viverra auctor. Fusce sit amet faucibus libero. ...]]></description>
										<content:encoded><![CDATA[<p><div class="fusion-fullwidth fullwidth-box fusion-builder-row-3 fusion-flex-container nonhundred-percent-fullwidth non-hundred-percent-height-scrolling" style="background-color: rgba(255,255,255,0);background-position: center center;background-repeat: no-repeat;border-width: 0px 0px 0px 0px;border-color:hsla(var(--awb-color5-h),var(--awb-color5-s),var(--awb-color5-l),calc( var(--awb-color5-a) - 97% ));border-style:solid;" ><div class="fusion-builder-row fusion-row fusion-flex-align-items-flex-start" style="max-width:1248px;margin-left: calc(-4% / 2 );margin-right: calc(-4% / 2 );"><div class="fusion-layout-column fusion_builder_column fusion-builder-column-2 fusion_builder_column_4_5 4_5 fusion-flex-column"><div class="fusion-column-wrapper fusion-flex-justify-content-flex-start fusion-content-layout-column" style="background-position:left top;background-repeat:no-repeat;-webkit-background-size:cover;-moz-background-size:cover;-o-background-size:cover;background-size:cover;padding: 0px 0px 0px 0px;"><div class="fusion-text fusion-text-5 sm-text-align-center" style="text-align:left;font-size:28px;line-height:var(--awb-typography2-line-height);letter-spacing:var(--awb-typography2-letter-spacing);text-transform:var(--awb-typography2-text-transform);color:var(--awb-color6);font-family:var(--awb-typography2-font-family);font-weight:var(--awb-typography2-font-weight);font-style:var(--awb-typography2-font-style);"><p>Learn How To Boost Your Revenue</p>
</div><style type="text/css">@media only screen and (max-width:1024px) {.fusion-title.fusion-title-3{margin-top:-10px!important; margin-right:0px!important;margin-bottom:30px!important;margin-left:0px!important;}}@media only screen and (max-width:640px) {.fusion-title.fusion-title-3{margin-top:10px!important; margin-right:0px!important;margin-bottom:10px!important; margin-left:0px!important;}}</style><div class="fusion-title title fusion-title-3 fusion-sep-none fusion-title-text fusion-title-size-two" style="font-size:39px;margin-top:-10px;margin-right:0px;margin-bottom:30px;margin-left:0px;"><h2 class="title-heading-left sm-text-align-center fusion-responsive-typography-calculated" style="margin:0;font-size:1em;letter-spacing:-1px;color:var(--awb-color4);--fontSize:39;line-height:var(--awb-typography1-line-height);">With Avada Business Coach</h2></div><div class="fusion-text fusion-text-6 sm-text-align-center" style="text-align:left;font-size:17px;"><p>Lorem ipsum dolor sit amet, consectetur adipiscing elit. Nulla id quam vitae sapien congue ultrices. Pellentesque tincidunt nunc libero, sit amet placerat mi maximus sit amet. Aliquam erat volutpat. Integer suscipit congue fermentum. Fusce tempus viverra auctor. Fusce sit amet faucibus libero. Phasellus maximus, felis nec eleifend maximus, ex dolor aliquet tellus, quis porttitor nunc quam eget nibh. Nulla facilisi. Nam fringilla interdum ligula, vitae viverra nunc lobortis ac.</p>
<p>Sed luctus convallis nunc, vel molestie massa sollicitudin eu. Phasellus dictum, ex a ultrices vulputate, mi tellus viverra ex, vitae porta lacus justo sit amet libero. Nam eget odio mollis sem bibendum fermentum non nec dui. Quisque ultrices dolor lacus, vitae gravida neque consectetur in. Morbi risus risus, ullamcorper non convallis nec, elementum ut ante. Cras placerat eu metus convallis fringilla. Donec in justo nisi. Praesent placerat dui quis nulla lobortis fringilla. Curabitur varius blandit tellus, ac mattis nisl accumsan vel. Suspendisse eleifend pellentesque gravida. Curabitur vitae felis tortor. Donec ornare fringilla nibh ac mattis. Donec orci nunc, aliquet nec pretium eget, convallis et felis. Maecenas congue lectus nec tempor accumsan.</p>
<p>Nullam faucibus sed leo eu porta. Nunc vestibulum urna a hendrerit vestibulum. Sed mattis facilisis euismod. Mauris mattis eros sit amet nunc bibendum fermentum. Suspendisse diam risus, lacinia ac eleifend sollicitudin, fringilla sit amet augue. Integer lacinia ipsum nec dignissim dignissim. Suspendisse potenti. Integer malesuada sapien non consequat tincidunt. Donec euismod maximus velit in commodo. Mauris ut nulla turpis. Morbi consectetur venenatis malesuada. Praesent vestibulum cursus lacinia.</p>
</div></div><style type="text/css">.fusion-body .fusion-builder-column-2{width:80% !important;margin-top : 0px;margin-bottom : 0px;}.fusion-builder-column-2 > .fusion-column-wrapper {padding-top : 0px !important;padding-right : 0px !important;margin-right : 2.4%;padding-bottom : 0px !important;padding-left : 0px !important;margin-left : 2.4%;}@media only screen and (max-width:1024px) {.fusion-body .fusion-builder-column-2{width:80% !important;order : 0;}.fusion-builder-column-2 > .fusion-column-wrapper {margin-right : 2.4%;margin-left : 2.4%;}}@media only screen and (max-width:640px) {.fusion-body .fusion-builder-column-2{width:100% !important;order : 0;}.fusion-builder-column-2 > .fusion-column-wrapper {margin-right : 1.92%;margin-left : 1.92%;}}</style></div></div><style type="text/css">.fusion-body .fusion-flex-container.fusion-builder-row-3{ padding-top : 0px;margin-top : 50px;padding-right : 0px;padding-bottom : 0px;margin-bottom : 0px;padding-left : 0px;}</style></div></p>
]]></content:encoded>
					
					<wfw:commentRss>http://proteans.github.io/2020/09/18/the-right-tech/feed/</wfw:commentRss>
			<slash:comments>0</slash:comments>
		
		
			</item>
		<item>
		<title>Working Environment</title>
		<link>http://proteans.github.io/2020/09/18/working-environment/</link>
					<comments>http://proteans.github.io/2020/09/18/working-environment/#respond</comments>
		
		<dc:creator><![CDATA[root]]></dc:creator>
		<pubDate>Fri, 18 Sep 2020 09:47:52 +0000</pubDate>
				<category><![CDATA[Articles]]></category>
		<guid isPermaLink="false">http://localhost:8888/wordpress/?p=245</guid>

					<description><![CDATA[Learn How To Boost Your Revenue  With Avada Business Coach  Lorem ipsum dolor sit amet, consectetur adipiscing elit. Nulla id quam vitae sapien congue ultrices. Pellentesque tincidunt nunc libero, sit amet placerat mi maximus sit amet. Aliquam erat volutpat. Integer suscipit congue fermentum. Fusce tempus viverra auctor. Fusce sit amet faucibus libero. ...]]></description>
										<content:encoded><![CDATA[<p><div class="fusion-fullwidth fullwidth-box fusion-builder-row-4 fusion-flex-container nonhundred-percent-fullwidth non-hundred-percent-height-scrolling" style="background-color: rgba(255,255,255,0);background-position: center center;background-repeat: no-repeat;border-width: 0px 0px 0px 0px;border-color:hsla(var(--awb-color5-h),var(--awb-color5-s),var(--awb-color5-l),calc( var(--awb-color5-a) - 97% ));border-style:solid;" ><div class="fusion-builder-row fusion-row fusion-flex-align-items-flex-start" style="max-width:1248px;margin-left: calc(-4% / 2 );margin-right: calc(-4% / 2 );"><div class="fusion-layout-column fusion_builder_column fusion-builder-column-3 fusion_builder_column_4_5 4_5 fusion-flex-column"><div class="fusion-column-wrapper fusion-flex-justify-content-flex-start fusion-content-layout-column" style="background-position:left top;background-repeat:no-repeat;-webkit-background-size:cover;-moz-background-size:cover;-o-background-size:cover;background-size:cover;padding: 0px 0px 0px 0px;"><div class="fusion-text fusion-text-7 sm-text-align-center" style="text-align:left;font-size:28px;line-height:var(--awb-typography2-line-height);letter-spacing:var(--awb-typography2-letter-spacing);text-transform:var(--awb-typography2-text-transform);color:var(--awb-color6);font-family:var(--awb-typography2-font-family);font-weight:var(--awb-typography2-font-weight);font-style:var(--awb-typography2-font-style);"><p>Learn How To Boost Your Revenue</p>
</div><style type="text/css">@media only screen and (max-width:1024px) {.fusion-title.fusion-title-4{margin-top:-10px!important; margin-right:0px!important;margin-bottom:30px!important;margin-left:0px!important;}}@media only screen and (max-width:640px) {.fusion-title.fusion-title-4{margin-top:10px!important; margin-right:0px!important;margin-bottom:10px!important; margin-left:0px!important;}}</style><div class="fusion-title title fusion-title-4 fusion-sep-none fusion-title-text fusion-title-size-two" style="font-size:39px;margin-top:-10px;margin-right:0px;margin-bottom:30px;margin-left:0px;"><h2 class="title-heading-left sm-text-align-center fusion-responsive-typography-calculated" style="margin:0;font-size:1em;letter-spacing:-1px;color:var(--awb-color4);--fontSize:39;line-height:var(--awb-typography1-line-height);">With Avada Business Coach</h2></div><div class="fusion-text fusion-text-8 sm-text-align-center" style="text-align:left;font-size:17px;"><p>Lorem ipsum dolor sit amet, consectetur adipiscing elit. Nulla id quam vitae sapien congue ultrices. Pellentesque tincidunt nunc libero, sit amet placerat mi maximus sit amet. Aliquam erat volutpat. Integer suscipit congue fermentum. Fusce tempus viverra auctor. Fusce sit amet faucibus libero. Phasellus maximus, felis nec eleifend maximus, ex dolor aliquet tellus, quis porttitor nunc quam eget nibh. Nulla facilisi. Nam fringilla interdum ligula, vitae viverra nunc lobortis ac.</p>
<p>Sed luctus convallis nunc, vel molestie massa sollicitudin eu. Phasellus dictum, ex a ultrices vulputate, mi tellus viverra ex, vitae porta lacus justo sit amet libero. Nam eget odio mollis sem bibendum fermentum non nec dui. Quisque ultrices dolor lacus, vitae gravida neque consectetur in. Morbi risus risus, ullamcorper non convallis nec, elementum ut ante. Cras placerat eu metus convallis fringilla. Donec in justo nisi. Praesent placerat dui quis nulla lobortis fringilla. Curabitur varius blandit tellus, ac mattis nisl accumsan vel. Suspendisse eleifend pellentesque gravida. Curabitur vitae felis tortor. Donec ornare fringilla nibh ac mattis. Donec orci nunc, aliquet nec pretium eget, convallis et felis. Maecenas congue lectus nec tempor accumsan.</p>
<p>Nullam faucibus sed leo eu porta. Nunc vestibulum urna a hendrerit vestibulum. Sed mattis facilisis euismod. Mauris mattis eros sit amet nunc bibendum fermentum. Suspendisse diam risus, lacinia ac eleifend sollicitudin, fringilla sit amet augue. Integer lacinia ipsum nec dignissim dignissim. Suspendisse potenti. Integer malesuada sapien non consequat tincidunt. Donec euismod maximus velit in commodo. Mauris ut nulla turpis. Morbi consectetur venenatis malesuada. Praesent vestibulum cursus lacinia.</p>
</div></div><style type="text/css">.fusion-body .fusion-builder-column-3{width:80% !important;margin-top : 0px;margin-bottom : 0px;}.fusion-builder-column-3 > .fusion-column-wrapper {padding-top : 0px !important;padding-right : 0px !important;margin-right : 2.4%;padding-bottom : 0px !important;padding-left : 0px !important;margin-left : 2.4%;}@media only screen and (max-width:1024px) {.fusion-body .fusion-builder-column-3{width:80% !important;order : 0;}.fusion-builder-column-3 > .fusion-column-wrapper {margin-right : 2.4%;margin-left : 2.4%;}}@media only screen and (max-width:640px) {.fusion-body .fusion-builder-column-3{width:100% !important;order : 0;}.fusion-builder-column-3 > .fusion-column-wrapper {margin-right : 1.92%;margin-left : 1.92%;}}</style></div></div><style type="text/css">.fusion-body .fusion-flex-container.fusion-builder-row-4{ padding-top : 0px;margin-top : 50px;padding-right : 0px;padding-bottom : 0px;margin-bottom : 0px;padding-left : 0px;}</style></div></p>
]]></content:encoded>
					
					<wfw:commentRss>http://proteans.github.io/2020/09/18/working-environment/feed/</wfw:commentRss>
			<slash:comments>0</slash:comments>
		
		
			</item>
		<item>
		<title>Business Strategy</title>
		<link>http://proteans.github.io/2020/09/18/business-strategy/</link>
					<comments>http://proteans.github.io/2020/09/18/business-strategy/#respond</comments>
		
		<dc:creator><![CDATA[root]]></dc:creator>
		<pubDate>Fri, 18 Sep 2020 09:40:35 +0000</pubDate>
				<category><![CDATA[Articles]]></category>
		<guid isPermaLink="false">http://localhost:8888/wordpress/?p=242</guid>

					<description><![CDATA[Learn How To Boost Your Revenue  With Avada Business Coach  Lorem ipsum dolor sit amet, consectetur adipiscing elit. Nulla id quam vitae sapien congue ultrices. Pellentesque tincidunt nunc libero, sit amet placerat mi maximus sit amet. Aliquam erat volutpat. Integer suscipit congue fermentum. Fusce tempus viverra auctor. Fusce sit amet faucibus libero. ...]]></description>
										<content:encoded><![CDATA[<p><div class="fusion-fullwidth fullwidth-box fusion-builder-row-5 fusion-flex-container nonhundred-percent-fullwidth non-hundred-percent-height-scrolling" style="background-color: rgba(255,255,255,0);background-position: center center;background-repeat: no-repeat;border-width: 0px 0px 0px 0px;border-color:hsla(var(--awb-color5-h),var(--awb-color5-s),var(--awb-color5-l),calc( var(--awb-color5-a) - 97% ));border-style:solid;" ><div class="fusion-builder-row fusion-row fusion-flex-align-items-flex-start" style="max-width:1248px;margin-left: calc(-4% / 2 );margin-right: calc(-4% / 2 );"><div class="fusion-layout-column fusion_builder_column fusion-builder-column-4 fusion_builder_column_4_5 4_5 fusion-flex-column"><div class="fusion-column-wrapper fusion-flex-justify-content-flex-start fusion-content-layout-column" style="background-position:left top;background-repeat:no-repeat;-webkit-background-size:cover;-moz-background-size:cover;-o-background-size:cover;background-size:cover;padding: 0px 0px 0px 0px;"><div class="fusion-text fusion-text-9 sm-text-align-center" style="text-align:left;font-size:28px;line-height:var(--awb-typography2-line-height);letter-spacing:var(--awb-typography2-letter-spacing);text-transform:var(--awb-typography2-text-transform);color:var(--awb-color6);font-family:var(--awb-typography2-font-family);font-weight:var(--awb-typography2-font-weight);font-style:var(--awb-typography2-font-style);"><p>Learn How To Boost Your Revenue</p>
</div><style type="text/css">@media only screen and (max-width:1024px) {.fusion-title.fusion-title-5{margin-top:-10px!important; margin-right:0px!important;margin-bottom:30px!important;margin-left:0px!important;}}@media only screen and (max-width:640px) {.fusion-title.fusion-title-5{margin-top:10px!important; margin-right:0px!important;margin-bottom:10px!important; margin-left:0px!important;}}</style><div class="fusion-title title fusion-title-5 fusion-sep-none fusion-title-text fusion-title-size-two" style="font-size:39px;margin-top:-10px;margin-right:0px;margin-bottom:30px;margin-left:0px;"><h2 class="title-heading-left sm-text-align-center fusion-responsive-typography-calculated" style="margin:0;font-size:1em;letter-spacing:-1px;color:var(--awb-color4);--fontSize:39;line-height:var(--awb-typography1-line-height);">With Avada Business Coach</h2></div><div class="fusion-text fusion-text-10 sm-text-align-center" style="text-align:left;font-size:17px;"><p>Lorem ipsum dolor sit amet, consectetur adipiscing elit. Nulla id quam vitae sapien congue ultrices. Pellentesque tincidunt nunc libero, sit amet placerat mi maximus sit amet. Aliquam erat volutpat. Integer suscipit congue fermentum. Fusce tempus viverra auctor. Fusce sit amet faucibus libero. Phasellus maximus, felis nec eleifend maximus, ex dolor aliquet tellus, quis porttitor nunc quam eget nibh. Nulla facilisi. Nam fringilla interdum ligula, vitae viverra nunc lobortis ac.</p>
<p>Sed luctus convallis nunc, vel molestie massa sollicitudin eu. Phasellus dictum, ex a ultrices vulputate, mi tellus viverra ex, vitae porta lacus justo sit amet libero. Nam eget odio mollis sem bibendum fermentum non nec dui. Quisque ultrices dolor lacus, vitae gravida neque consectetur in. Morbi risus risus, ullamcorper non convallis nec, elementum ut ante. Cras placerat eu metus convallis fringilla. Donec in justo nisi. Praesent placerat dui quis nulla lobortis fringilla. Curabitur varius blandit tellus, ac mattis nisl accumsan vel. Suspendisse eleifend pellentesque gravida. Curabitur vitae felis tortor. Donec ornare fringilla nibh ac mattis. Donec orci nunc, aliquet nec pretium eget, convallis et felis. Maecenas congue lectus nec tempor accumsan.</p>
<p>Nullam faucibus sed leo eu porta. Nunc vestibulum urna a hendrerit vestibulum. Sed mattis facilisis euismod. Mauris mattis eros sit amet nunc bibendum fermentum. Suspendisse diam risus, lacinia ac eleifend sollicitudin, fringilla sit amet augue. Integer lacinia ipsum nec dignissim dignissim. Suspendisse potenti. Integer malesuada sapien non consequat tincidunt. Donec euismod maximus velit in commodo. Mauris ut nulla turpis. Morbi consectetur venenatis malesuada. Praesent vestibulum cursus lacinia.</p>
</div></div><style type="text/css">.fusion-body .fusion-builder-column-4{width:80% !important;margin-top : 0px;margin-bottom : 0px;}.fusion-builder-column-4 > .fusion-column-wrapper {padding-top : 0px !important;padding-right : 0px !important;margin-right : 2.4%;padding-bottom : 0px !important;padding-left : 0px !important;margin-left : 2.4%;}@media only screen and (max-width:1024px) {.fusion-body .fusion-builder-column-4{width:80% !important;order : 0;}.fusion-builder-column-4 > .fusion-column-wrapper {margin-right : 2.4%;margin-left : 2.4%;}}@media only screen and (max-width:640px) {.fusion-body .fusion-builder-column-4{width:100% !important;order : 0;}.fusion-builder-column-4 > .fusion-column-wrapper {margin-right : 1.92%;margin-left : 1.92%;}}</style></div></div><style type="text/css">.fusion-body .fusion-flex-container.fusion-builder-row-5{ padding-top : 0px;margin-top : 50px;padding-right : 0px;padding-bottom : 0px;margin-bottom : 0px;padding-left : 0px;}</style></div></p>
]]></content:encoded>
					
					<wfw:commentRss>http://proteans.github.io/2020/09/18/business-strategy/feed/</wfw:commentRss>
			<slash:comments>0</slash:comments>
		
		
			</item>
		<item>
		<title>Making Headlines</title>
		<link>http://proteans.github.io/2020/09/18/making-headlines/</link>
					<comments>http://proteans.github.io/2020/09/18/making-headlines/#respond</comments>
		
		<dc:creator><![CDATA[root]]></dc:creator>
		<pubDate>Fri, 18 Sep 2020 09:15:23 +0000</pubDate>
				<category><![CDATA[Articles]]></category>
		<guid isPermaLink="false">http://localhost:8888/wordpress/?p=239</guid>

					<description><![CDATA[Learn How To Boost Your Revenue  With Avada Business Coach  Lorem ipsum dolor sit amet, consectetur adipiscing elit. Nulla id quam vitae sapien congue ultrices. Pellentesque tincidunt nunc libero, sit amet placerat mi maximus sit amet. Aliquam erat volutpat. Integer suscipit congue fermentum. Fusce tempus viverra auctor. Fusce sit amet faucibus libero. ...]]></description>
										<content:encoded><![CDATA[<p><div class="fusion-fullwidth fullwidth-box fusion-builder-row-6 fusion-flex-container nonhundred-percent-fullwidth non-hundred-percent-height-scrolling" style="background-color: rgba(255,255,255,0);background-position: center center;background-repeat: no-repeat;border-width: 0px 0px 0px 0px;border-color:hsla(var(--awb-color5-h),var(--awb-color5-s),var(--awb-color5-l),calc( var(--awb-color5-a) - 97% ));border-style:solid;" ><div class="fusion-builder-row fusion-row fusion-flex-align-items-flex-start" style="max-width:1248px;margin-left: calc(-4% / 2 );margin-right: calc(-4% / 2 );"><div class="fusion-layout-column fusion_builder_column fusion-builder-column-5 fusion_builder_column_4_5 4_5 fusion-flex-column"><div class="fusion-column-wrapper fusion-flex-justify-content-flex-start fusion-content-layout-column" style="background-position:left top;background-repeat:no-repeat;-webkit-background-size:cover;-moz-background-size:cover;-o-background-size:cover;background-size:cover;padding: 0px 0px 0px 0px;"><div class="fusion-text fusion-text-11 sm-text-align-center" style="text-align:left;font-size:26px;line-height:var(--awb-typography2-line-height);letter-spacing:var(--awb-typography2-letter-spacing);text-transform:var(--awb-typography2-text-transform);color:var(--awb-color6);font-family:var(--awb-typography2-font-family);font-weight:var(--awb-typography2-font-weight);font-style:var(--awb-typography2-font-style);"><p>Learn How To Boost Your Revenue</p>
</div><style type="text/css">@media only screen and (max-width:1024px) {.fusion-title.fusion-title-6{margin-top:-10px!important; margin-right:0px!important;margin-bottom:30px!important;margin-left:0px!important;}}@media only screen and (max-width:640px) {.fusion-title.fusion-title-6{margin-top:10px!important; margin-right:0px!important;margin-bottom:10px!important; margin-left:0px!important;}}</style><div class="fusion-title title fusion-title-6 fusion-sep-none fusion-title-text fusion-title-size-two" style="font-size:39px;margin-top:-10px;margin-right:0px;margin-bottom:30px;margin-left:0px;"><h2 class="title-heading-left sm-text-align-center fusion-responsive-typography-calculated" style="margin:0;font-size:1em;letter-spacing:-1px;color:var(--awb-color4);--fontSize:39;line-height:var(--awb-typography1-line-height);">With Avada Business Coach</h2></div><div class="fusion-text fusion-text-12 sm-text-align-center" style="text-align:left;font-size:17px;"><p>Lorem ipsum dolor sit amet, consectetur adipiscing elit. Nulla id quam vitae sapien congue ultrices. Pellentesque tincidunt nunc libero, sit amet placerat mi maximus sit amet. Aliquam erat volutpat. Integer suscipit congue fermentum. Fusce tempus viverra auctor. Fusce sit amet faucibus libero. Phasellus maximus, felis nec eleifend maximus, ex dolor aliquet tellus, quis porttitor nunc quam eget nibh. Nulla facilisi. Nam fringilla interdum ligula, vitae viverra nunc lobortis ac.</p>
<p>Sed luctus convallis nunc, vel molestie massa sollicitudin eu. Phasellus dictum, ex a ultrices vulputate, mi tellus viverra ex, vitae porta lacus justo sit amet libero. Nam eget odio mollis sem bibendum fermentum non nec dui. Quisque ultrices dolor lacus, vitae gravida neque consectetur in. Morbi risus risus, ullamcorper non convallis nec, elementum ut ante. Cras placerat eu metus convallis fringilla. Donec in justo nisi. Praesent placerat dui quis nulla lobortis fringilla. Curabitur varius blandit tellus, ac mattis nisl accumsan vel. Suspendisse eleifend pellentesque gravida. Curabitur vitae felis tortor. Donec ornare fringilla nibh ac mattis. Donec orci nunc, aliquet nec pretium eget, convallis et felis. Maecenas congue lectus nec tempor accumsan.</p>
<p>Nullam faucibus sed leo eu porta. Nunc vestibulum urna a hendrerit vestibulum. Sed mattis facilisis euismod. Mauris mattis eros sit amet nunc bibendum fermentum. Suspendisse diam risus, lacinia ac eleifend sollicitudin, fringilla sit amet augue. Integer lacinia ipsum nec dignissim dignissim. Suspendisse potenti. Integer malesuada sapien non consequat tincidunt. Donec euismod maximus velit in commodo. Mauris ut nulla turpis. Morbi consectetur venenatis malesuada. Praesent vestibulum cursus lacinia.</p>
</div></div><style type="text/css">.fusion-body .fusion-builder-column-5{width:80% !important;margin-top : 0px;margin-bottom : 0px;}.fusion-builder-column-5 > .fusion-column-wrapper {padding-top : 0px !important;padding-right : 0px !important;margin-right : 2.4%;padding-bottom : 0px !important;padding-left : 0px !important;margin-left : 2.4%;}@media only screen and (max-width:1024px) {.fusion-body .fusion-builder-column-5{width:80% !important;order : 0;}.fusion-builder-column-5 > .fusion-column-wrapper {margin-right : 2.4%;margin-left : 2.4%;}}@media only screen and (max-width:640px) {.fusion-body .fusion-builder-column-5{width:100% !important;order : 0;}.fusion-builder-column-5 > .fusion-column-wrapper {margin-right : 1.92%;margin-left : 1.92%;}}</style></div></div><style type="text/css">.fusion-body .fusion-flex-container.fusion-builder-row-6{ padding-top : 0px;margin-top : 50px;padding-right : 0px;padding-bottom : 0px;margin-bottom : 0px;padding-left : 0px;}</style></div></p>
]]></content:encoded>
					
					<wfw:commentRss>http://proteans.github.io/2020/09/18/making-headlines/feed/</wfw:commentRss>
			<slash:comments>0</slash:comments>
		
		
			</item>
	</channel>
</rss>
