<?xml version="1.0" encoding="UTF-8"?><rss version="2.0"
	xmlns:content="http://purl.org/rss/1.0/modules/content/"
	xmlns:dc="http://purl.org/dc/elements/1.1/"
	xmlns:atom="http://www.w3.org/2005/Atom"
	xmlns:sy="http://purl.org/rss/1.0/modules/syndication/"
	
	>
<channel>
	<title>
	Commentaires sur : Planning For Growth	</title>
	<atom:link href="http://localhost/proteans/2020/09/18/planning-for-growth/feed/" rel="self" type="application/rss+xml" />
	<link>http://proteans.github.io/2020/09/18/planning-for-growth/</link>
	<description>Do not annotate, recycle instead!</description>
	<lastBuildDate>Fri, 18 Sep 2020 10:20:42 +0000</lastBuildDate>
	<sy:updatePeriod>
	hourly	</sy:updatePeriod>
	<sy:updateFrequency>
	1	</sy:updateFrequency>
	<generator>https://wordpress.org/?v=6.1.1</generator>
</channel>
</rss>
