<?xml version="1.0" encoding="UTF-8"?><rss version="2.0"
	xmlns:content="http://purl.org/rss/1.0/modules/content/"
	xmlns:wfw="http://wellformedweb.org/CommentAPI/"
	xmlns:dc="http://purl.org/dc/elements/1.1/"
	xmlns:atom="http://www.w3.org/2005/Atom"
	xmlns:sy="http://purl.org/rss/1.0/modules/syndication/"
	xmlns:slash="http://purl.org/rss/1.0/modules/slash/"
	>

<channel>
	<title>Non classé &#8211; PROTEANS</title>
	<atom:link href="http://localhost/proteans/category/non-classe/feed/" rel="self" type="application/rss+xml" />
	<link>http://proteans.github.io</link>
	<description>Do not annotate, recycle instead!</description>
	<lastBuildDate>Fri, 25 Nov 2022 08:38:46 +0000</lastBuildDate>
	<language>fr-FR</language>
	<sy:updatePeriod>
	hourly	</sy:updatePeriod>
	<sy:updateFrequency>
	1	</sy:updateFrequency>
	<generator>https://wordpress.org/?v=6.1.1</generator>
	<item>
		<title>Bonjour tout le monde !</title>
		<link>http://proteans.github.io/2022/11/25/bonjour-tout-le-monde/</link>
					<comments>http://proteans.github.io/2022/11/25/bonjour-tout-le-monde/#comments</comments>
		
		<dc:creator><![CDATA[root]]></dc:creator>
		<pubDate>Fri, 25 Nov 2022 08:38:46 +0000</pubDate>
				<category><![CDATA[Non classé]]></category>
		<guid isPermaLink="false">http://localhost:8888/wordpress/?p=1</guid>

					<description><![CDATA[Bienvenue sur WordPress. Ceci est votre premier article. Modifiez-le ou supprimez-le, puis commencez à écrire !]]></description>
										<content:encoded><![CDATA[
<p>Bienvenue sur WordPress. Ceci est votre premier article. Modifiez-le ou supprimez-le, puis commencez à écrire !</p>
]]></content:encoded>
					
					<wfw:commentRss>http://proteans.github.io/2022/11/25/bonjour-tout-le-monde/feed/</wfw:commentRss>
			<slash:comments>1</slash:comments>
		
		
			</item>
	</channel>
</rss>
